63736112,ZAMORA ZAVALETA RONAL MANUEL,K0D-676,T9A-930
45043076,VEGA VILCARA CARMELA TERESA,S7E-946,I1D-713,R1T-735
53853385,SOLIS NARVAEZ MARIA MADELEINE,O5L-856,O4X-603,T9X-217,R6P-267
27185429,SOLIS CHUNG ROLANDO,U3F-754,S9I-160
35912665,MARTINEZ CRUZ EVERT RONY,O4X-500,D7L-648,A6E-125,O2Z-308
13219606,RODRIGUEZ MORENO BLANCA OFELIA,T3B-722,N1O-921,M2Q-712
71832810,SUELDO SEDANO ADRIA,T1K-210,W1C-444,Q3M-512
35297848,ASTETE CHANG GUIDA,O7D-970
80310768,MINAYA BERROCAL HELI,N5J-515,M1E-751,O2F-523
75945248,MEJIA RODRIGUEZ INES VALENTINA,K6X-977
84186239,RIVERO CORONADO HECTOR ALONSO,W9Y-717,T6W-978
68310808,CANO POLO MILAGROS ISABEL,W8F-397,I3A-223,K2N-341,X6M-077
97849227,PRADO ESPINOZA MILAGROS,I0K-077
88854166,PINTO ROJAS JUVENAL FRANCISCO,L3N-150,H3E-885,O0K-148
15029228,VALVERDE MAEIREIZO MELVIN JAIR,J0Q-121,N0Z-560,C0P-895
60335381,DIAZ TANG ENRIQUE,E6T-667,B3U-845
54141214,DURAND MIRANDA MIGUEL JUAN,J7Y-327,Y9G-536,G2I-709
79766395,FUENTES ESCALANTE PATRICIA ELIZABETH,H7P-047,N6D-256,T3R-184
48878256,RAFFO CORONADO ROLANDO,W6Z-142,Z4L-514,F2F-895,G2R-979
89314225,RIOS DURAND CARLOS EDILBERTO,C3A-423
48450395,RAMIREZ ASTETE KARINA ESTEFANIA,H6H-085,Q5S-871,G1P-591
31107104,MOSCOSO ARIAS FIORELLA,O3T-110,E0I-722
16477908,BACA CAMACHO MILAGROS NATALIA,I0E-459,X9D-758,W7C-957
58992942,NARVAEZ CASTILLO JESUS RAFAEL,H8M-598,V7O-315,Q6B-243
77763722,FARFAN SALAZAR MARGOT,W2L-827,A1Q-612,Q4P-612,D1M-667
32090869,SUELDO ANTEZANO LUIS JESUS,L4B-291
66849703,MERCADO CORONEL ELIA,J2F-853,B4N-777
26522329,SANCHEZ DEL CASTILLO FIORELLA ROSARIO,W7R-114,U5W-825,U7R-252
73357516,TRIGUEROS JUGO LUZ,J2K-636,G0B-604,E6R-293,P1T-781
48528209,ZAVALETA CORONADO FELICITA ELOISA,T9L-709
69494747,MENDOZA ROMERO VIRGINIA YDALI,J8D-125
47844324,VILCA LEE NESTOR HUGO,F1H-328,X7J-719
82870470,SEDANO RETAMOSO ELIA YOLANDA,C4O-436,K0H-387
89941095,ARCA LARRIEGA LUCERO YLIANA,R8O-904,P6N-119,P6T-244
87495937,MORALES PASQUEL KARIN MARIBEL,L2H-207,C5G-743,Z8C-558,M5G-669
49927087,INGA PALOMARES ERIKA,M8Q-758,G7B-252,X3E-271
50201756,ZEGARRA PENA CARMELA,K5K-595,X8O-807
29989682,CAMACHO PAIRAZAMAN YDALI LUCERO,W3T-571,W1V-221,B1J-773
64178096,VIZCARRA CARBAJAL IVAN FAUSTO,B7V-643,G3B-505,I0X-469
69252518,GORDILLO SANCHEZ RONALD JUVENAL,P7I-760,Y0Y-415
42956681,POMAJAMBO EGUSQUIZA PAUL,A6D-661,E0L-862,L8Z-555
68303148,PATINO BOLANOS DELICIA VIRGINIA,H1W-140
87282766,SUAREZ CHANG GLORIA,S1D-093
73818744,FUENTES GAMARRA HUGO,U5N-536
53374153,SERRANO IBEROS FRANCISCO,G6I-762,V7L-069,R2T-476
60784914,RUIZ ZEVALLOS WALTER RONY,A8J-929,C6Q-548,P4Y-758,C6G-842
35671623,EPIQUEN YEP GUIDA VICTORIA,P2Q-870,V4E-749,K0T-350
44188994,VILCARA YALLICO MAGALI,M0X-657,R2L-600
73972114,AVILA MARTEL JAIME MANUEL,J2M-606,A2F-518,D8H-157
99950484,CORTES CORTEZ RAUL ALEX,L8A-167,Y9W-731,X0R-946,Y6I-680
28820944,RIOS ZAMORA INES,H2K-127
71578206,ARROYO TOMASICHE NATALIA,Y9F-491,G7Z-721,L4H-670
21621497,AYALA CASTILLO ERICKA OFELIA,D6W-048,W5W-525,Z7C-785,R5I-860
30441350,RETAMOSO SALAMANCA DELIA MARITZA,T7F-869,Q6Q-335,X0F-315,M9Z-497
63291514,LAU ZAVALETA YDALI ELIA,L3W-411,Z1A-459
70414420,AVILA REYES TATIANA,V9J-051,U5T-348,A7Y-514
54447051,AVILA DEL CASTILLO ANNIE,U5L-205,G3Y-654,D5W-773
51395324,TRIGUEROS PORTUGAL ARTURO FAUSTO,M4Z-108
32244565,HENRIQUEZ PAREDES PAUL RAFAEL,M8W-853,J1E-736,W9L-468,K4F-319
79641328,TOKESHI GUEVARA JAIME,B4R-105,X8Q-687,L0L-653
34976629,LOZADA ARGUEDAS FELICITA VALENTINA,I0Y-720,J8B-303
75348522,LOZADA FORZANI DELIA,P5B-640,X0D-655,E1L-705
27268323,LOZADA IBEROS HELI BLANCA,L6Z-161
88167677,PRADO VERA JUAN,Y4Y-028,O0C-616,V7U-622,B4C-100
86429854,MOSCOSO LAURA JANET VALENTINA,K1F-766,M5U-987
67185679,FLORENCIO CORONADO ALONSO,F1F-571,S7F-983,I2P-193
80457845,NORABUENA MOYA HECTOR,M7F-612,W0C-131,Z5G-762
24859596,FLORIAN CUBA CHRISTIAN,L6D-758,A8P-118,B8B-326
39544560,LUNA VARGAS WALDEMAR,N4J-043,Y0K-784
90467829,IPARRAGUIRRE PEREZ NICOLAS,X8U-894,H1R-953,K4H-445,C9H-661
15115705,HERNANDEZ CORRALES GUILLERMO,N9Q-814
73567806,ARCA SANCHEZ MAGALI BEATRIZ,A7Y-833,Q9D-870,E2D-493,W9Z-281
81485316,JUSTINO MARTINEZ ENRIQUE,E1N-544,F1O-596,J5T-691
49428502,RIVERO CORTEZ WILVER ALFONSO,T0V-569,C0A-114
12270502,CUEVA FUENTES CINTHIA DELIA,P7T-999,O1C-880,Y5F-449
29833157,HIJAR LAM MARTIN,I5K-310,E9W-402,I9F-484,S2N-896
38862473,WONG MAEIREIZO BEATRIZ,S6Y-726,I4B-541,K3B-165
12858682,ZARATE PEREZ ALEXANDER,T5L-371
86718074,ESCALANTE ROJAS INES ADRIA,L4O-783,Q6I-941
54665716,GONZALES GAMARRA GIOVANA KARINA,D2V-055
36079131,ZAVALETA VILCA ERICKA ELEONOR,I0W-872,V4S-057,H5S-788
31205866,VIZCARRA MONTERO JAIR,U6A-456
12443643,LEE SERRANO ROSARIO,R8H-409
44346371,ALFARO ALFARO ERICK BRUNO,S4J-282
25518120,RONDON CABRERA ALEXANDER ADOLFO,E1J-798,U1X-768,F2C-703
15559308,BRAVO CORTES JANET FLOR,W1S-239,T8F-368,X6O-905,S3L-803
30046639,SALAMANCA VEGA VIRGINIA MARTHA,P6I-223,L8F-459,S3F-021
39244942,PENA SUAREZ GLENDA MARGOT,N5Y-450
81528434,EPIQUEN AVILA ENRIQUE,D6F-465,B3U-020
35683701,DIAZ MOYA ELIA ANNIE,D5W-953
43454884,ESPINOZA CHANG SHIRLEY,G0F-080,P6Z-734
96693273,VALDERRAMA BERROCAL EVERT,C0G-556,A6K-820,F3R-138,B9X-420
64532449,INFANTES MERCADO LUIS WALDEMAR,V4I-691,J0V-437,K8R-348,X3Z-285
77367073,JAUREGUI DEL CASTILLO VICTOR RICARDO,C2S-070,H9A-097,N7K-403,W4W-684
81799482,CERNA CERNA CINTHIA,V7P-711,E3U-768
13628871,QUIROGA HERNANDEZ SILVANA ZKENIA,F3E-797
79672079,CONTRERAS CHANG JOHANA CINTHIA,R7U-941,O3H-954,Y3Q-331
19963454,SALAMANCA CABRERA NESTOR EVERT,D9A-711,H8A-390,T9D-604,X9O-440
51929951,CHAVEZ BERROCAL JOHAN,O8J-848
74325123,TANG MOSCOSO JOHANA,V9F-655,H0E-855,C2V-710,B3H-006
47528229,SAAVEDRA GONZALES WILMER,T8Y-354,G8O-154,I4H-529,U0N-343
50200823,LEYVA SAM DIANA DELIA,R0P-255,Q6C-943,H1E-399
37080813,FLORIAN VALDERRAMA JOSE,P7E-145,O9W-355
16136330,YEP PRECIADO RICHARD,E3U-231
19568447,VEGA SORIA HENRRY,D8R-235,O7W-705
82031355,EGUSQUIZA BERROCAL DORIS NANCY,H6X-124,Z5D-724,J0J-790
52003695,CARBAJAL SALAS MAGDA ZKENIA,H8S-849
34248357,LEYVA LANDEO NANCY SONIA,U0T-459,R7N-062,H4R-733,S5E-231
27864822,FIGUEROA MEDINA MADELEINE,R5C-239,S3D-133,T9U-338
85501710,VIZCARDO SINCHE MARIBEL,N2C-590,Z4K-431
16925690,CABRERA TORO FANNY,B4I-014,F3F-478,R7N-113
52002275,CASANOVA ZEGARRA MARITZA,C0S-417,J8N-930
