63736112,ZAMORA ZAVALETA RONAL MANUEL
45043076,VEGA VILCARA CARMELA TERESA
53853385,SOLIS NARVAEZ MARIA MADELEINE
27185429,SOLIS CHUNG ROLANDO
35912665,MARTINEZ CRUZ EVERT RONY
13219606,RODRIGUEZ MORENO BLANCA OFELIA
71832810,SUELDO SEDANO ADRIA
35297848,ASTETE CHANG GUIDA
80310768,MINAYA BERROCAL HELI
75945248,MEJIA RODRIGUEZ INES VALENTINA
84186239,RIVERO CORONADO HECTOR ALONSO
68310808,CANO POLO MILAGROS ISABEL
97849227,PRADO ESPINOZA MILAGROS
88854166,PINTO ROJAS JUVENAL FRANCISCO
15029228,VALVERDE MAEIREIZO MELVIN JAIR
60335381,DIAZ TANG ENRIQUE
54141214,DURAND MIRANDA MIGUEL JUAN
79766395,FUENTES ESCALANTE PATRICIA ELIZABETH
48878256,RAFFO CORONADO ROLANDO
89314225,RIOS DURAND CARLOS EDILBERTO
48450395,RAMIREZ ASTETE KARINA ESTEFANIA
31107104,MOSCOSO ARIAS FIORELLA
16477908,BACA CAMACHO MILAGROS NATALIA
58992942,NARVAEZ CASTILLO JESUS RAFAEL
77763722,FARFAN SALAZAR MARGOT
32090869,SUELDO ANTEZANO LUIS JESUS
66849703,MERCADO CORONEL ELIA
26522329,SANCHEZ DEL CASTILLO FIORELLA ROSARIO
73357516,TRIGUEROS JUGO LUZ
48528209,ZAVALETA CORONADO FELICITA ELOISA
69494747,MENDOZA ROMERO VIRGINIA YDALI
47844324,VILCA LEE NESTOR HUGO
82870470,SEDANO RETAMOSO ELIA YOLANDA
89941095,ARCA LARRIEGA LUCERO YLIANA
87495937,MORALES PASQUEL KARIN MARIBEL
49927087,INGA PALOMARES ERIKA
50201756,ZEGARRA PENA CARMELA
29989682,CAMACHO PAIRAZAMAN YDALI LUCERO
64178096,VIZCARRA CARBAJAL IVAN FAUSTO
69252518,GORDILLO SANCHEZ RONALD JUVENAL
42956681,POMAJAMBO EGUSQUIZA PAUL
68303148,PATINO BOLANOS DELICIA VIRGINIA
87282766,SUAREZ CHANG GLORIA
73818744,FUENTES GAMARRA HUGO
53374153,SERRANO IBEROS FRANCISCO
60784914,RUIZ ZEVALLOS WALTER RONY
35671623,EPIQUEN YEP GUIDA VICTORIA
44188994,VILCARA YALLICO MAGALI
73972114,AVILA MARTEL JAIME MANUEL
99950484,CORTES CORTEZ RAUL ALEX
28820944,RIOS ZAMORA INES
71578206,ARROYO TOMASICHE NATALIA
21621497,AYALA CASTILLO ERICKA OFELIA
30441350,RETAMOSO SALAMANCA DELIA MARITZA
63291514,LAU ZAVALETA YDALI ELIA
70414420,AVILA REYES TATIANA
54447051,AVILA DEL CASTILLO ANNIE
51395324,TRIGUEROS PORTUGAL ARTURO FAUSTO
32244565,HENRIQUEZ PAREDES PAUL RAFAEL
79641328,TOKESHI GUEVARA JAIME
34976629,LOZADA ARGUEDAS FELICITA VALENTINA
75348522,LOZADA FORZANI DELIA
27268323,LOZADA IBEROS HELI BLANCA
88167677,PRADO VERA JUAN
86429854,MOSCOSO LAURA JANET VALENTINA
67185679,FLORENCIO CORONADO ALONSO
80457845,NORABUENA MOYA HECTOR
24859596,FLORIAN CUBA CHRISTIAN
39544560,LUNA VARGAS WALDEMAR
90467829,IPARRAGUIRRE PEREZ NICOLAS
15115705,HERNANDEZ CORRALES GUILLERMO
73567806,ARCA SANCHEZ MAGALI BEATRIZ
81485316,JUSTINO MARTINEZ ENRIQUE
49428502,RIVERO CORTEZ WILVER ALFONSO
12270502,CUEVA FUENTES CINTHIA DELIA
29833157,HIJAR LAM MARTIN
38862473,WONG MAEIREIZO BEATRIZ
12858682,ZARATE PEREZ ALEXANDER
86718074,ESCALANTE ROJAS INES ADRIA
54665716,GONZALES GAMARRA GIOVANA KARINA
36079131,ZAVALETA VILCA ERICKA ELEONOR
31205866,VIZCARRA MONTERO JAIR
12443643,LEE SERRANO ROSARIO
44346371,ALFARO ALFARO ERICK BRUNO
25518120,RONDON CABRERA ALEXANDER ADOLFO
15559308,BRAVO CORTES JANET FLOR
30046639,SALAMANCA VEGA VIRGINIA MARTHA
39244942,PENA SUAREZ GLENDA MARGOT
81528434,EPIQUEN AVILA ENRIQUE
35683701,DIAZ MOYA ELIA ANNIE
43454884,ESPINOZA CHANG SHIRLEY
96693273,VALDERRAMA BERROCAL EVERT
64532449,INFANTES MERCADO LUIS WALDEMAR
77367073,JAUREGUI DEL CASTILLO VICTOR RICARDO
81799482,CERNA CERNA CINTHIA
13628871,QUIROGA HERNANDEZ SILVANA ZKENIA
79672079,CONTRERAS CHANG JOHANA CINTHIA
19963454,SALAMANCA CABRERA NESTOR EVERT
51929951,CHAVEZ BERROCAL JOHAN
74325123,TANG MOSCOSO JOHANA
47528229,SAAVEDRA GONZALES WILMER
50200823,LEYVA SAM DIANA DELIA
37080813,FLORIAN VALDERRAMA JOSE
16136330,YEP PRECIADO RICHARD
19568447,VEGA SORIA HENRRY
82031355,EGUSQUIZA BERROCAL DORIS NANCY
52003695,CARBAJAL SALAS MAGDA ZKENIA
34248357,LEYVA LANDEO NANCY SONIA
27864822,FIGUEROA MEDINA MADELEINE
85501710,VIZCARDO SINCHE MARIBEL
16925690,CABRERA TORO FANNY
52002275,CASANOVA ZEGARRA MARITZA
