17750908E,Hernandez_Barrios_Emilio
26916299E,Diaz_Antezano_Magali_Silvana
14268463E,Raffo_Chung_Adria_Gloria
37500242E,Vasquez_Paz_Alex_Martin
61212473A,Castro_Suarez_Rolando
65071478E,Mejia_Diaz_Blanca_Milagros
96056368A,Pasquel_Quio_Surami_Janet
99215341E,Raffo_Arias_Surami_Annie
33958767A,Aquino_Toro_Valentina_Rocio
72832218A,Corrales_Tsukazan_Irma_Lourdes
63602514A,Auris_Zimic_Javier_Daniel
49516360D,Delgado_Gonzales_Guillermo_Alfonso
15129661E,Wong_Martel_Madeleine
87804471A,Cerna_Durand_Martin
37751890D,Shirakawa_Miranda_Madeleine
66152145E,Salas_Aguero_Daniel
33115577E,Chumpitaz_Iberos_Ronal
55917355A,Valverde_Flores_Irma_Ydali
77001234D,Diaz_Correa_Irma_Virginia
61039260D,Mejia_De_La_Haza_Francisco_Edgar
54393647A,Norabuena_Preciado_Cinthia
45834351A,Velasquez_Huayanay_Edgard_Henry
11750801E,Shirakawa_Ortega_Angel
83265244D,Pairazaman_Alamo_Moises_Miguel
35030611E,Inga_Flores_Cesar_Adolfo
50860318E,Prado_Vergel_Carlos_Julian
81082011D,Arroyo_Gordillo_Maria_Heli
92240876E,Vega_Garcia_Janet_Rebeca
